{"epoch": [0, 1, 2, 3, 4, 5, 6, 7, 8, 9, 10, 11, 12, 13, 14, 15, 16, 17, 18, 19, 20, 21, 22, 23, 24], "train_loss": [7.282942684427384, 5.866413613961589, 5.673157036304474, 5.597028025696354, 5.481120775303533, 5.252777284191501, 4.971444239539485, 4.629647176111898, 4.260466171608817, 3.890850727115908, 3.535428548051465, 3.1952818990234406, 2.884813800213798, 2.6107843008733567, 2.368856193317521, 2.1618854842118678, 1.989284672203564, 1.8425703655567862, 1.7167723826583354, 1.6227042840853814, 1.5427761615043687, 1.4720463810428497, 1.4150759147540215, 1.368043384965389, 1.3324360247821576], "val_loss": [6.177254284581831, 6.48964935733426, 6.678654009296048, 6.699185090680277, 6.579031917356676, 6.483998771636717, 6.539849823521029, 6.658124435332514, 6.824788547331287, 7.0692663808022775, 7.398759276636185, 7.801586989433535, 8.258504994453922, 8.752275582282774, 9.286961678535707, 9.846334280506257, 10.397530094269783, 10.963996348842498, 11.485846757888794, 12.01188987301242, 12.506218456452892, 12.9618583110071, 13.325948884410243, 13.702464411335606, 13.997012192203153], "mask_lm_acc": [0.17396745722620718, 0.18993357941508293, 0.20900723963014542, 0.2268202801144892, 0.23868465916283668, 0.2431206828163516, 0.26032294669458944, 0.26239920010970486, 0.26810322425538496, 0.2676854181674219, 0.268641279349404, 0.2677867646899916, 0.26771566055474744, 0.26815362707261114, 0.2663146298258535, 0.26453989527879224, 0.2563814139894901, 0.2525606678137856, 0.24575281227307935, 0.25117980039888815, 0.24869690126469057, 0.24615117739285192, 0.2448909166118791, 0.24749352386401546, 0.25942774850033945], "nsp_acc": [0.5029197868800932, 0.5029404884384524, 0.4999306956606527, 0.4988632273049124, 0.5017686130539063, 0.5022132415925303, 0.502050331042659, 0.5026119673444379, 0.49629986322214525, 0.49707841302358335, 0.5028144803739363, 0.4987354190839875, 0.5017056090216483, 0.5013689874641357, 0.4966706869252507, 0.5033707157258065, 0.5013113839011039, 0.5032060050195263, 0.5002286146364866, 0.4969182028885811, 0.49736193116874466, 0.5031295005352266, 0.502961189516129, 0.500952261109506, 0.49818278369944424], "best_record": [6.177254284581831, 0.268641279349404, 0.5033707157258065]}