{"epoch": [0, 1, 2, 3, 4, 5, 6, 7, 8, 9, 10, 11, 12, 13, 14, 15, 16, 17, 18, 19, 20, 21, 22, 23, 24], "train_loss": [5.873326571718339, 5.528688038068433, 5.4813942918854375, 5.425801738135276, 5.3797724924741255, 5.328647579877607, 5.291421199517865, 5.258417883707631, 5.24141713784587, 5.221349460944053, 5.199355736374855, 5.1886205211762455, 5.175545021410911, 5.165851795865644, 5.150828603294588, 5.147390215146926, 5.139348161316687, 5.133334263197837, 5.129088585895877, 5.122949237785032, 5.117223946798232, 5.111324386250589, 5.112356283491658, 5.107577186438345, 5.097759086278177], "val_loss": [6.948279107770612, 7.013034958993235, 6.9891338925207815, 6.90403026534665, 6.8535084839790095, 6.801625793980014, 6.752022197169643, 6.715307377999829, 6.733336510196809, 6.685173749923706, 6.698935047272713, 6.656451763645295, 6.661628242461912, 6.6318589179746565, 6.625926294634419, 6.622890149393389, 6.638749591765865, 6.642549207133632, 6.630551245904738, 6.617830107288976, 6.603137097051067, 6.562993895622991, 6.593612747807657, 6.557729344214162, 6.541199761052286], "mask_lm_acc": [0.23121760160692276, 0.23449201064725075, 0.24535336693929088, 0.25662658988468107, 0.2692329757396252, 0.2765693471076027, 0.28714538269465967, 0.29325263322361056, 0.29104497259663, 0.29843534553243267, 0.29991216068306276, 0.3041406300279402, 0.3044390889906114, 0.3079484143564778, 0.30746760291437947, 0.30757669071036, 0.3077403222841601, 0.3073352945427741, 0.30818819014295457, 0.3057835960099774, 0.31004662811756134, 0.31095010619009694, 0.30880544983571573, 0.31112453701996035, 0.31005059014404973], "nsp_acc": [0.5031186995967742, 0.4996048748012512, 0.5028351814516129, 0.5003600231101436, 0.5017893146122655, 0.5041492658276712, 0.4971648185483871, 0.5029296875, 0.4971648185483871, 0.4993717598338281, 0.4961324525215933, 0.4966814876158511, 0.5029296875, 0.5031295005352266, 0.49742673531234743, 0.5029107860980495, 0.49728002592230275, 0.4969965077771415, 0.4998892930246169, 0.49854730706541767, 0.49495877737119315, 0.4985608078929926, 0.4964717741935484, 0.4967867943548387, 0.4969758064516129], "best_record": [6.541199761052286, 0.31112453701996035, 0.5041492658276712]}