{"epoch": [0, 1, 2, 3, 4, 5, 6, 7, 8, 9, 10, 11, 12, 13, 14, 15, 16, 17, 18, 19, 20, 21, 22, 23, 24], "train_loss": [7.1245335744273275, 5.995015901903952, 5.638343242387617, 5.531566964522485, 5.4652181604216175, 5.4188199038467095, 5.384526518083388, 5.367910904749747, 5.353163474509793, 5.335284589279082, 5.322001396167662, 5.310375799094477, 5.304144244040212, 5.300009589522116, 5.288216445715197, 5.28654272085236, 5.284476316744281, 5.284084392651435, 5.274777339350793, 5.2734031513814, 5.2688860628874075, 5.264600847517291, 5.266282299833913, 5.259860972723653, 5.263503911033753], "val_loss": [6.165719655252272, 6.183054066473438, 6.47819043743995, 6.5485876490992885, 6.576880639599215, 6.636188703198587, 6.638368252784975, 6.630496113531051, 6.6235117566201, 6.608536016556524, 6.626091361045837, 6.652265429496765, 6.637088321870373, 6.649505222997358, 6.647035060390349, 6.6644907843682075, 6.668827972104473, 6.657185046903549, 6.6518907662360895, 6.666290602376384, 6.6600039582098685, 6.673942996609595, 6.6592861721592564, 6.696977776865805, 6.669914668606173], "mask_lm_acc": [0.1720055109190364, 0.2103297841404715, 0.2176326710370279, 0.24043509159838, 0.2474951443652953, 0.2542763583121761, 0.26111013610516826, 0.2718246021578389, 0.27782096689747227, 0.28264275517675186, 0.28242440161205107, 0.27973358801776366, 0.28153982385993004, 0.2826866785124425, 0.28166187230137085, 0.28156088593025363, 0.2818564640418176, 0.2829826166552882, 0.28368538257575804, 0.28212396223698893, 0.28230037215736603, 0.2819534903091769, 0.2832488543804615, 0.2815085022199538, 0.28199615245384557], "nsp_acc": [0.4970703125, 0.5102147537493898, 0.5020575316682938, 0.5045803929528883, 0.5110284056394331, 0.5115036362361524, 0.5298135081125844, 0.5373010873313873, 0.5460685484351651, 0.5319376438856125, 0.5475257418809398, 0.5307396674348462, 0.5543715800008466, 0.5554318476107812, 0.556765733226653, 0.5481035786290323, 0.5482304867717528, 0.5486400129814302, 0.5461828557233657, 0.5613740278828528, 0.5461405530091255, 0.5510728686086593, 0.5533014112903226, 0.5516624066137499, 0.5526704711298789], "best_record": [6.165719655252272, 0.28368538257575804, 0.5613740278828528]}