{"epoch": [0, 1, 2, 3, 4, 5, 6, 7, 8, 9, 10, 11, 12, 13, 14, 15, 16, 17, 18, 19, 20, 21, 22, 23, 24, 25, 26, 27, 28, 29, 30, 31, 32, 33, 34, 35, 36, 37, 38, 39, 40, 41, 42, 43, 44, 45, 46, 47, 48, 49], "train_loss": [6.464384516400676, 5.569670308982173, 5.127564007716794, 4.0621041227732935, 3.038535203424192, 2.3425878648075367, 1.9098019114425104, 1.6402937011613, 1.4647138612645287, 1.3476071011635564, 1.2706778176849889, 1.2142406962811947, 1.1747323528172509, 1.1484936310519134, 1.1306120282219303, 1.1142590924977296, 1.1004327744726212, 1.0914858780320613, 1.085192719834947, 1.0793593314987036, 1.0762268850399601, 1.069019763580253, 1.0649226677994574, 1.060596345292945, 1.0601003629666181, 1.0539993646164094, 1.0530161732026646, 1.052201148663317, 1.0506754440646018, 1.0498778178326544, 1.0493434923550775, 1.0464221099091153, 1.0502445084914085, 1.047632232548729, 1.0478985415351005, 1.0465010884668557, 1.0467926021665335, 1.0479809617803943, 1.0498896005653566, 1.0510989770052894, 1.0503117101447237, 1.0483292341833153, 1.0507490306251472, 1.0529081967448997, 1.050854069150744, 1.0503791103199605, 1.0530451808965975, 1.052332796456833, 1.052992329061512, 1.0518768280744553], "val_loss": [6.497313014922604, 6.62592863652014, 6.368359038906712, 6.8512079177364225, 7.723182255221952, 8.683311723893688, 9.62245378955718, 10.554164909547374, 11.475254128056187, 12.35841953369879, 13.075168263527654, 13.721827676219325, 14.326950796188846, 14.661759638017223, 15.071362903041225, 15.166732372776154, 15.303863656136297, 15.397490562931184, 15.387794410028766, 15.282280398953345, 15.208269988336871, 15.225622869306996, 15.15217658012144, 15.011170233449628, 15.116664301964544, 15.09134865576221, 14.974026380046721, 15.012928324361, 14.939113301615562, 14.916395218141618, 14.892041975452054, 14.932687428689771, 14.86839432870188, 14.964997776093021, 14.815246443594656, 14.855820063621767, 14.827204058247228, 14.780206734134305, 14.749138316800517, 14.622168679391184, 14.562189109863773, 14.66159185286491, 14.637165377216954, 14.621643281752064, 14.592695628443073, 14.558639095675561, 14.496060840545162, 14.523156027640066, 14.466791260627009, 14.511166241861158], "mask_lm_acc": [0.2145884962331864, 0.22998056188225746, 0.2660840347168907, 0.2723765180956933, 0.27470406541420567, 0.27673513478329104, 0.27762331417010677, 0.27777884299716643, 0.27534454964822336, 0.27479893353677565, 0.27580303662726957, 0.27812752596312956, 0.27639095521261614, 0.2812374047935009, 0.27881607148916493, 0.27932892235056045, 0.2789519777701747, 0.2789797001788693, 0.27732341424111395, 0.28177077960102787, 0.28187626504128976, 0.2811708003282547, 0.28108151401242903, 0.2792461193617313, 0.27944269043303305, 0.28096036709124045, 0.28273348053616865, 0.2806408468994402, 0.28273114081351985, 0.28308198192427236, 0.2799992848548197, 0.2815826672219461, 0.28371976412111716, 0.2796009216577776, 0.2834954701604382, 0.281241545153241, 0.2830998039534015, 0.2814208374869439, 0.2812552267024594, 0.2829142131151692, 0.28182442269978986, 0.2815511650856464, 0.2811556792547626, 0.28225177165962034, 0.28317397039744163, 0.282907732792439, 0.2830690218796653, 0.28312734574560194, 0.2798223338059841, 0.2809641474196988], "nsp_acc": [0.4971189156415001, 0.5002493161347604, 0.5012915826612904, 0.4958516345058958, 0.4995895737421609, 0.49760494672603184, 0.5072949668092113, 0.5031186995967742, 0.5003285210940146, 0.4963484663636454, 0.4978614632160433, 0.5005004319452471, 0.5032267065778855, 0.49829349090014735, 0.5022789460997428, 0.5025273619159576, 0.49729982721469096, 0.4992124495967742, 0.49954547096164, 0.5003105198904392, 0.49509108583292655, 0.4967021889413797, 0.4969758064516129, 0.4977003528225806, 0.4980648762035754, 0.4986436132101282, 0.4967444916481092, 0.5024580573362689, 0.5008505544354839, 0.4976400490249357, 0.5030439947882006, 0.5000999065176133, 0.4998892930246169, 0.502175439269312, 0.5012528802598676, 0.49571752596286034, 0.4956734230997221, 0.4964384720810959, 0.49806757632552856, 0.5018199165501902, 0.4971747191833152, 0.5000684043813136, 0.497739055344174, 0.4991953485915738, 0.4963538666526156, 0.4999855992294127, 0.496569880554753, 0.49967057906812234, 0.498308791748939, 0.49228020589197835]}