{"epoch": [0, 1, 2, 3, 4, 5, 6, 7, 8, 9, 10, 11, 12, 13, 14, 15, 16, 17, 18, 19, 20, 21, 22, 23, 24], "train_loss": [7.484905842331148, 5.874589950326951, 5.688607063504957, 5.6433098772841115, 5.6025015255135875, 5.584885606361974, 5.572316694163507, 5.558769272700433, 5.548860121157862, 5.53830780906062, 5.527055591825516, 5.511613579046342, 5.513460074701617, 5.500461606248733, 5.495196200666889, 5.478735379153682, 5.472927572746431, 5.466586162486384, 5.465133430977022, 5.44920481501087, 5.438335131252965, 5.430541517753755, 5.42122060589252, 5.4141130120523515, 5.4081035684193335], "val_loss": [6.164697158721186, 6.489111915711434, 6.690636307962479, 6.783434071848469, 6.852509471677965, 6.8706764444228146, 6.886751767127745, 6.889738044431133, 6.905382010244554, 6.894461231846964, 6.91299698814269, 6.896104312712146, 6.888863344346324, 6.8911877601377425, 6.901457713496301, 6.875500813607247, 6.866163726775877, 6.878851486790564, 6.8791481487212645, 6.873102361156095, 6.859210744980843, 6.8471592280172535, 6.855185789446677, 6.8187711431134135, 6.8178886713520175], "mask_lm_acc": [0.17517659356517176, 0.203502667166533, 0.21528802127126725, 0.21718426180943365, 0.2237834855914116, 0.23089141987504497, 0.2395481749648048, 0.24065344600427535, 0.2428773074380813, 0.24482413189065072, 0.24557820070655115, 0.2461322767119254, 0.24688238470304397, 0.24781628481803403, 0.24964826277667476, 0.2513256083813406, 0.2506768470329623, 0.25070403023592885, 0.2513767329435195, 0.2528693885091812, 0.2549125198875704, 0.2577332996072308, 0.25690578693343746, 0.25996202362641213, 0.25502016635671737], "nsp_acc": [0.4966382848759813, 0.49710181451612906, 0.5029080861037777, 0.5025516633064516, 0.5025831653225806, 0.504446284424874, 0.4971648185483871, 0.5020584319868395, 0.5021178357062801, 0.4965977822580645, 0.49703881048387094, 0.5030241935483871, 0.49654197873127076, 0.5029719904545815, 0.5029296875, 0.5030556955645161, 0.4967552923387097, 0.5015814011135409, 0.4980045722932705, 0.502961189516129, 0.5034049179765486, 0.5032762096774194, 0.4979523689516129, 0.4999099941022934, 0.502898185483871], "best_record": [6.164697158721186, 0.25996202362641213, 0.504446284424874]}